Номер строки заключения;Страница PDF начала строки;Категория;Позиция;Рекомендация
1;2;Постоянно проживающие;Поддерживаю;Рекомендовано к учёту
2;2;Постоянно проживающие;Поддерживаю;Рекомендовано к учёту
3;2;Постоянно проживающие;Не поддерживаю с замечаниями;Не рекомендовано к учёту
4;3;Постоянно проживающие;Поддерживаю;Рекомендовано к учёту
5;4;Постоянно проживающие;Поддерживаю;Рекомендовано к учёту
6;4;Постоянно проживающие;Поддерживаю;Рекомендовано к учёту
7;4;Постоянно проживающие;Поддерживаю;Рекомендовано к учёту
8;4;Постоянно проживающие;Поддерживаю;Рекомендовано к учёту
9;5;Постоянно проживающие;Не поддерживаю с замечаниями;Не рекомендовано к учёту
10;6;Постоянно проживающие;Поддерживаю;Рекомендовано к учёту
11;7;Постоянно проживающие;Поддерживаю;Рекомендовано к учёту
12;7;Постоянно проживающие;Поддерживаю;Рекомендовано к учёту
13;7;Постоянно проживающие;Поддерживаю;Рекомендовано к учёту
14;7;Постоянно проживающие;Поддерживаю;Рекомендовано к учёту
15;8;Постоянно проживающие;Поддерживаю;Рекомендовано к учёту
16;8;Постоянно проживающие;Поддерживаю;Рекомендовано к учёту
17;8;Постоянно проживающие;Поддерживаю;Рекомендовано к учёту
18;8;Постоянно проживающие;Поддерживаю;Рекомендовано к учёту
19;9;Постоянно проживающие;Поддерживаю;Рекомендовано к учёту
20;9;Постоянно проживающие;Поддерживаю;Рекомендовано к учёту
21;9;Постоянно проживающие;Поддерживаю;Рекомендовано к учёту
22;9;Постоянно проживающие;Поддерживаю;Рекомендовано к учёту
23;10;Постоянно проживающие;Поддерживаю;Рекомендовано к учёту
24;10;Постоянно проживающие;Поддерживаю;Рекомендовано к учёту
25;10;Постоянно проживающие;Поддерживаю;Рекомендовано к учёту
26;10;Постоянно проживающие;Поддерживаю;Рекомендовано к учёту
27;11;Постоянно проживающие;Поддерживаю;Рекомендовано к учёту
28;11;Постоянно проживающие;Не поддерживаю с замечаниями;Не рекомендовано к учёту
29;12;Постоянно проживающие;Поддерживаю;Рекомендовано к учёту
30;12;Постоянно проживающие;Поддерживаю;Рекомендовано к учёту
31;13;Постоянно проживающие;Поддерживаю;Рекомендовано к учёту
32;13;Постоянно проживающие;Не поддерживаю с замечаниями;Не рекомендовано к учёту
33;14;Постоянно проживающие;Поддерживаю;Рекомендовано к учёту
34;14;Постоянно проживающие;Не поддерживаю с замечаниями;Не рекомендовано к учёту
35;15;Постоянно проживающие;Не поддерживаю с замечаниями;Не рекомендовано к учёту
36;16;Постоянно проживающие;Поддерживаю;Рекомендовано к учёту
37;17;Постоянно проживающие;Не поддерживаю с замечаниями;Не рекомендовано к учёту
38;17;Постоянно проживающие;Поддерживаю;Рекомендовано к учёту
39;18;Постоянно проживающие;Поддерживаю;Рекомендовано к учёту
40;18;Постоянно проживающие;Не поддерживаю с замечаниями;Не рекомендовано к учёту
41;18;Постоянно проживающие;Не поддерживаю с замечаниями;Не рекомендовано к учёту
42;19;Постоянно проживающие;Поддерживаю;Рекомендовано к учёту
43;19;Постоянно проживающие;Поддерживаю;Рекомендовано к учёту
44;20;Постоянно проживающие;Поддерживаю;Рекомендовано к учёту
45;20;Постоянно проживающие;Поддерживаю;Рекомендовано к учёту
46;20;Постоянно проживающие;Не поддерживаю с замечаниями;Не рекомендовано к учёту
47;21;Постоянно проживающие;Не поддерживаю с замечаниями;Не рекомендовано к учёту
48;22;Постоянно проживающие;Не поддерживаю с замечаниями;Не рекомендовано к учёту
49;23;Постоянно проживающие;Поддерживаю;Рекомендовано к учёту
50;23;Постоянно проживающие;Поддерживаю;Рекомендовано к учёту
51;24;Постоянно проживающие;Не поддерживаю с замечаниями;Не рекомендовано к учёту
52;25;Постоянно проживающие;Не поддерживаю с замечаниями;Не рекомендовано к учёту
53;25;Постоянно проживающие;Не поддерживаю с замечаниями;Не рекомендовано к учёту
54;26;Постоянно проживающие;Не поддерживаю с замечаниями;Не рекомендовано к учёту
55;27;Постоянно проживающие;Поддерживаю;Рекомендовано к учёту
56;27;Постоянно проживающие;Поддерживаю;Рекомендовано к учёту
57;28;Постоянно проживающие;Поддерживаю;Рекомендовано к учёту
58;28;Постоянно проживающие;Поддерживаю;Рекомендовано к учёту
59;28;Постоянно проживающие;Поддерживаю;Рекомендовано к учёту
60;28;Постоянно проживающие;Поддерживаю;Рекомендовано к учёту
61;29;Постоянно проживающие;Поддерживаю;Рекомендовано к учёту
62;29;Постоянно проживающие;Поддерживаю;Рекомендовано к учёту
63;29;Постоянно проживающие;Не поддерживаю с замечаниями;Не рекомендовано к учёту
64;30;Постоянно проживающие;Поддерживаю;Рекомендовано к учёту
65;30;Постоянно проживающие;Поддерживаю;Рекомендовано к учёту
66;31;Постоянно проживающие;Поддерживаю;Рекомендовано к учёту
67;31;Постоянно проживающие;Поддерживаю с замечаниями;Не рекомендовано к учёту
68;32;Постоянно проживающие;Поддерживаю;Рекомендовано к учёту
69;32;Постоянно проживающие;Поддерживаю;Рекомендовано к учёту
70;32;Постоянно проживающие;Поддерживаю;Рекомендовано к учёту
71;32;Постоянно проживающие;Поддерживаю с замечаниями;Не рекомендовано к учёту
72;33;Постоянно проживающие;Поддерживаю;Рекомендовано к учёту
73;33;Постоянно проживающие;Поддерживаю;Рекомендовано к учёту
74;34;Постоянно проживающие;Поддерживаю с замечаниями;"Поддержка принята к сведению; замечания не рекомендованы"
75;34;Постоянно проживающие;Поддерживаю;Рекомендовано к учёту
76;35;Постоянно проживающие;Не поддерживаю с замечаниями;Не рекомендовано к учёту
77;36;Постоянно проживающие;Поддерживаю с замечаниями;"Поддержка принята к сведению; замечания не рекомендованы"
78;37;Постоянно проживающие;Поддерживаю;Рекомендовано к учёту
79;37;Постоянно проживающие;Не поддерживаю с замечаниями;Не рекомендовано к учёту
80;39;Постоянно проживающие;Поддерживаю;Рекомендовано к учёту
81;39;Постоянно проживающие;Поддерживаю;Рекомендовано к учёту
82;39;Постоянно проживающие;Поддерживаю;Рекомендовано к учёту
83;39;Постоянно проживающие;Не поддерживаю с замечаниями;Не рекомендовано к учёту
84;40;Постоянно проживающие;Поддерживаю;Рекомендовано к учёту
85;40;Постоянно проживающие;Поддерживаю;Рекомендовано к учёту
86;40;Постоянно проживающие;Не поддерживаю с замечаниями;Не рекомендовано к учёту
87;41;Постоянно проживающие;Не поддерживаю с замечаниями;Не рекомендовано к учёту
88;42;Постоянно проживающие;Не поддерживаю с замечаниями;Не рекомендовано к учёту
89;43;Постоянно проживающие;Поддерживаю;Рекомендовано к учёту
90;43;Постоянно проживающие;Поддерживаю;Рекомендовано к учёту
91;43;Постоянно проживающие;Поддерживаю;Рекомендовано к учёту
92;43;Постоянно проживающие;Поддерживаю;Рекомендовано к учёту
93;44;Постоянно проживающие;Поддерживаю;Рекомендовано к учёту
94;44;Постоянно проживающие;Поддерживаю;Рекомендовано к учёту
95;44;Постоянно проживающие;Не поддерживаю с замечаниями;Не рекомендовано к учёту
96;45;Постоянно проживающие;Поддерживаю;Рекомендовано к учёту
97;45;Постоянно проживающие;Не поддерживаю с замечаниями;Не рекомендовано к учёту
98;46;Постоянно проживающие;Не поддерживаю с замечаниями;Не рекомендовано к учёту
99;47;Постоянно проживающие;Поддерживаю;Рекомендовано к учёту
100;47;Постоянно проживающие;Поддерживаю;Рекомендовано к учёту
101;47;Постоянно проживающие;Поддерживаю;Рекомендовано к учёту
102;48;Постоянно проживающие;Поддерживаю;Рекомендовано к учёту
103;48;Постоянно проживающие;Поддерживаю;Рекомендовано к учёту
104;48;Постоянно проживающие;Не поддерживаю с замечаниями;Не рекомендовано к учёту
105;49;Постоянно проживающие;Поддерживаю;Рекомендовано к учёту
106;50;Постоянно проживающие;Поддерживаю;Рекомендовано к учёту
107;50;Постоянно проживающие;Поддерживаю;Рекомендовано к учёту
108;50;Постоянно проживающие;Не поддерживаю с замечаниями;Не рекомендовано к учёту
109;51;Постоянно проживающие;Поддерживаю;Рекомендовано к учёту
110;51;Постоянно проживающие;Поддерживаю;Рекомендовано к учёту
111;51;Постоянно проживающие;Поддерживаю;Рекомендовано к учёту
112;52;Постоянно проживающие;Поддерживаю с замечаниями;"Поддержка принята к сведению; замечания не рекомендованы"
113;53;Постоянно проживающие;Поддерживаю с замечаниями;"Поддержка принята к сведению; замечания не рекомендованы"
114;53;Постоянно проживающие;Поддерживаю;Рекомендовано к учёту
115;54;Постоянно проживающие;Не поддерживаю с замечаниями;Не рекомендовано к учёту
116;55;Постоянно проживающие;Поддерживаю;Рекомендовано к учёту
117;55;Постоянно проживающие;Поддерживаю;Рекомендовано к учёту
118;55;Постоянно проживающие;Не поддерживаю с замечаниями;Не рекомендовано к учёту
119;56;Постоянно проживающие;Поддерживаю;Рекомендовано к учёту
120;56;Постоянно проживающие;Поддерживаю;Рекомендовано к учёту
121;57;Постоянно проживающие;Поддерживаю;Рекомендовано к учёту
122;57;Постоянно проживающие;Поддерживаю;Рекомендовано к учёту
123;57;Постоянно проживающие;Поддерживаю с замечаниями;"Поддержка принята к сведению; замечания не рекомендованы"
124;58;Постоянно проживающие;Поддерживаю;Рекомендовано к учёту
125;59;Постоянно проживающие;Поддерживаю;Рекомендовано к учёту
126;59;Постоянно проживающие;Не поддерживаю с замечаниями;Не рекомендовано к учёту
127;60;Постоянно проживающие;Поддерживаю;Рекомендовано к учёту
128;60;Постоянно проживающие;Не поддерживаю с замечаниями;Не рекомендовано к учёту
129;61;Постоянно проживающие;Не поддерживаю с замечаниями;Не рекомендовано к учёту
130;62;Постоянно проживающие;Поддерживаю;Рекомендовано к учёту
131;62;Постоянно проживающие;Поддерживаю;Рекомендовано к учёту
132;63;Постоянно проживающие;Поддерживаю с замечаниями;"Поддержка принята к сведению; замечания не рекомендованы"
133;65;Постоянно проживающие;Поддерживаю;Рекомендовано к учёту
134;65;Постоянно проживающие;Не поддерживаю с замечаниями;Не рекомендовано к учёту
135;67;Постоянно проживающие;Поддерживаю;Рекомендовано к учёту
136;67;Постоянно проживающие;Не поддерживаю с замечаниями;Не рекомендовано к учёту
137;70;Постоянно проживающие;Не поддерживаю с замечаниями;Не рекомендовано к учёту
138;71;Постоянно проживающие;Не поддерживаю с замечаниями;Не рекомендовано к учёту
139;71;Постоянно проживающие;Поддерживаю;Рекомендовано к учёту
140;71;Постоянно проживающие;Поддерживаю с замечаниями;"Поддержка принята к сведению; замечания не рекомендованы"
141;73;Постоянно проживающие;Поддерживаю;Рекомендовано к учёту
142;73;Постоянно проживающие;Не поддерживаю с замечаниями;Не рекомендовано к учёту
143;74;Постоянно проживающие;Не поддерживаю с замечаниями;Не рекомендовано к учёту
144;75;Постоянно проживающие;Не поддерживаю с замечаниями;Не рекомендовано к учёту
145;77;Постоянно проживающие;Не поддерживаю с замечаниями;Не рекомендовано к учёту
146;78;Постоянно проживающие;Не поддерживаю с замечаниями;Не рекомендовано к учёту
147;83;Постоянно проживающие;Поддерживаю;Рекомендовано к учёту
148;83;Постоянно проживающие;Поддерживаю;Рекомендовано к учёту
149;83;Постоянно проживающие;Поддерживаю;Рекомендовано к учёту
150;83;Постоянно проживающие;Поддерживаю с замечаниями;"Поддержка принята к сведению; замечания не рекомендованы"
151;85;Постоянно проживающие;Не поддерживаю с замечаниями;Не рекомендовано к учёту
152;85;Постоянно проживающие;Не поддерживаю с замечаниями;Не рекомендовано к учёту
153;87;Иные участники;Поддерживаю;Рекомендовано к учёту
154;87;Иные участники;Поддерживаю;Рекомендовано к учёту
155;87;Иные участники;Поддерживаю;Рекомендовано к учёту
156;87;Иные участники;Поддерживаю;Рекомендовано к учёту
157;88;Иные участники;Поддерживаю;Рекомендовано к учёту
158;88;Иные участники;Поддерживаю;Рекомендовано к учёту
159;88;Иные участники;Поддерживаю;Рекомендовано к учёту
160;88;Иные участники;Поддерживаю;Рекомендовано к учёту
161;89;Иные участники;Поддерживаю;Рекомендовано к учёту
162;89;Иные участники;Поддерживаю;Рекомендовано к учёту
163;89;Иные участники;Поддерживаю;Рекомендовано к учёту
164;89;Иные участники;Поддерживаю;Рекомендовано к учёту
165;90;Иные участники;Поддерживаю;Рекомендовано к учёту
166;90;Иные участники;Поддерживаю;Рекомендовано к учёту
167;90;Иные участники;Поддерживаю;Рекомендовано к учёту
168;90;Иные участники;Поддерживаю;Рекомендовано к учёту
169;91;Иные участники;Поддерживаю;Рекомендовано к учёту
170;91;Иные участники;Поддерживаю;Рекомендовано к учёту
171;91;Иные участники;Поддерживаю;Рекомендовано к учёту
172;91;Иные участники;Поддерживаю;Рекомендовано к учёту
173;92;Иные участники;Поддерживаю;Рекомендовано к учёту
174;92;Иные участники;Поддерживаю;Рекомендовано к учёту
175;92;Иные участники;Поддерживаю;Рекомендовано к учёту
176;93;Иные участники;Поддерживаю;Рекомендовано к учёту
177;93;Иные участники;Поддерживаю;Рекомендовано к учёту
178;93;Иные участники;Поддерживаю;Рекомендовано к учёту
179;93;Иные участники;Поддерживаю;Рекомендовано к учёту
180;94;Иные участники;Поддерживаю;Рекомендовано к учёту
181;94;Иные участники;Поддерживаю;Рекомендовано к учёту
182;94;Иные участники;Поддерживаю;Рекомендовано к учёту
183;94;Иные участники;Поддерживаю;Рекомендовано к учёту
184;95;Иные участники;Поддерживаю;Рекомендовано к учёту
185;95;Иные участники;Поддерживаю;Рекомендовано к учёту
186;95;Иные участники;Поддерживаю;Рекомендовано к учёту
187;95;Иные участники;Поддерживаю;Рекомендовано к учёту
188;96;Иные участники;Поддерживаю;Рекомендовано к учёту
189;96;Иные участники;Поддерживаю;Рекомендовано к учёту
190;96;Иные участники;Поддерживаю;Рекомендовано к учёту
191;96;Иные участники;Поддерживаю;Рекомендовано к учёту
192;97;Иные участники;Поддерживаю;Рекомендовано к учёту
193;97;Иные участники;Не поддерживаю с замечаниями;Не рекомендовано к учёту
194;98;Иные участники;Поддерживаю;Рекомендовано к учёту
195;98;Иные участники;Поддерживаю;Рекомендовано к учёту
196;98;Иные участники;Поддерживаю;Рекомендовано к учёту
197;98;Иные участники;Поддерживаю;Рекомендовано к учёту
198;99;Иные участники;Поддерживаю;Рекомендовано к учёту
199;99;Иные участники;Поддерживаю;Рекомендовано к учёту
200;99;Иные участники;Поддерживаю;Рекомендовано к учёту
201;99;Иные участники;Поддерживаю;Рекомендовано к учёту
202;100;Иные участники;Поддерживаю;Рекомендовано к учёту
203;100;Иные участники;Поддерживаю;Рекомендовано к учёту
204;100;Иные участники;Поддерживаю;Рекомендовано к учёту
205;101;Иные участники;Поддерживаю;Рекомендовано к учёту
206;101;Иные участники;Поддерживаю;Рекомендовано к учёту
207;101;Иные участники;Поддерживаю;Рекомендовано к учёту
208;101;Иные участники;Поддерживаю;Рекомендовано к учёту
209;102;Иные участники;Поддерживаю;Рекомендовано к учёту
210;102;Иные участники;Поддерживаю;Рекомендовано к учёту
211;102;Иные участники;Поддерживаю;Рекомендовано к учёту
212;102;Иные участники;Поддерживаю;Рекомендовано к учёту
213;103;Иные участники;Поддерживаю;Рекомендовано к учёту
214;103;Иные участники;Поддерживаю;Рекомендовано к учёту
215;103;Иные участники;Поддерживаю;Рекомендовано к учёту
216;103;Иные участники;Поддерживаю;Рекомендовано к учёту
217;104;Иные участники;Поддерживаю;Рекомендовано к учёту
218;104;Иные участники;Поддерживаю;Рекомендовано к учёту
219;104;Иные участники;Поддерживаю;Рекомендовано к учёту
220;104;Иные участники;Поддерживаю;Рекомендовано к учёту
221;105;Иные участники;Поддерживаю;Рекомендовано к учёту
222;105;Иные участники;Поддерживаю;Рекомендовано к учёту
223;105;Иные участники;Поддерживаю;Рекомендовано к учёту
224;105;Иные участники;Не поддерживаю с замечаниями;Не рекомендовано к учёту
225;106;Иные участники;Поддерживаю;Рекомендовано к учёту
226;106;Иные участники;Поддерживаю;Рекомендовано к учёту
227;107;Иные участники;Поддерживаю;Рекомендовано к учёту
228;107;Иные участники;Поддерживаю;Рекомендовано к учёту
229;107;Иные участники;Поддерживаю;Рекомендовано к учёту
230;107;Иные участники;Поддерживаю;Рекомендовано к учёту
231;108;Иные участники;Поддерживаю;Рекомендовано к учёту
232;108;Иные участники;Поддерживаю;Рекомендовано к учёту
233;108;Иные участники;Поддерживаю;Рекомендовано к учёту
234;108;Иные участники;Поддерживаю;Рекомендовано к учёту
235;109;Иные участники;Не поддерживаю с замечаниями;Не рекомендовано к учёту
236;109;Иные участники;Поддерживаю;Рекомендовано к учёту
237;110;Иные участники;Поддерживаю;Рекомендовано к учёту
238;110;Иные участники;Поддерживаю;Рекомендовано к учёту
239;110;Иные участники;Поддерживаю;Рекомендовано к учёту
240;110;Иные участники;Поддерживаю;Рекомендовано к учёту
241;111;Иные участники;Поддерживаю;Рекомендовано к учёту
242;111;Иные участники;Поддерживаю;Рекомендовано к учёту
243;111;Иные участники;Поддерживаю;Рекомендовано к учёту
244;111;Иные участники;Поддерживаю;Рекомендовано к учёту
245;112;Иные участники;Поддерживаю;Рекомендовано к учёту
246;112;Иные участники;Поддерживаю;Рекомендовано к учёту
247;112;Иные участники;Поддерживаю;Рекомендовано к учёту
248;112;Иные участники;Не поддерживаю с замечаниями;Не рекомендовано к учёту
249;113;Иные участники;Поддерживаю;Рекомендовано к учёту
250;113;Иные участники;Поддерживаю;Рекомендовано к учёту
251;113;Иные участники;Поддерживаю;Рекомендовано к учёту
252;114;Иные участники;Поддерживаю;Рекомендовано к учёту
253;114;Иные участники;Поддерживаю;Рекомендовано к учёту
254;114;Иные участники;Поддерживаю;Рекомендовано к учёту
255;114;Иные участники;Поддерживаю;Рекомендовано к учёту
256;115;Иные участники;Поддерживаю;Рекомендовано к учёту
257;115;Иные участники;Поддерживаю;Рекомендовано к учёту
258;115;Иные участники;Поддерживаю;Рекомендовано к учёту
259;115;Иные участники;Поддерживаю;Рекомендовано к учёту
260;116;Иные участники;Поддерживаю;Рекомендовано к учёту
261;116;Иные участники;Не поддерживаю с замечаниями;Не рекомендовано к учёту
262;116;Иные участники;Поддерживаю;Рекомендовано к учёту
263;117;Иные участники;Поддерживаю;Рекомендовано к учёту
264;117;Иные участники;Поддерживаю с замечаниями;"Поддержка принята к сведению; замечания не рекомендованы"
265;118;Иные участники;Поддерживаю;Рекомендовано к учёту
266;118;Иные участники;Поддерживаю;Рекомендовано к учёту
267;118;Иные участники;Поддерживаю;Рекомендовано к учёту
268;119;Иные участники;Поддерживаю;Рекомендовано к учёту
269;119;Иные участники;Поддерживаю;Рекомендовано к учёту
270;119;Иные участники;Не поддерживаю с замечаниями;Не рекомендовано к учёту
271;120;Иные участники;Поддерживаю;Рекомендовано к учёту
272;120;Иные участники;Поддерживаю;Рекомендовано к учёту
273;121;Иные участники;Поддерживаю;Рекомендовано к учёту
274;121;Иные участники;Поддерживаю;Рекомендовано к учёту
275;121;Иные участники;Поддерживаю;Рекомендовано к учёту
276;121;Иные участники;Поддерживаю;Рекомендовано к учёту
277;122;Иные участники;Поддерживаю;Рекомендовано к учёту
278;122;Иные участники;Поддерживаю;Рекомендовано к учёту
279;122;Иные участники;Поддерживаю;Рекомендовано к учёту
280;122;Иные участники;Поддерживаю;Рекомендовано к учёту
281;123;Иные участники;Поддерживаю;Рекомендовано к учёту
282;123;Иные участники;Поддерживаю;Рекомендовано к учёту
283;123;Иные участники;Поддерживаю;Рекомендовано к учёту
284;123;Иные участники;Поддерживаю с замечаниями;"Поддержка принята к сведению; замечания не рекомендованы"
285;125;Иные участники;Поддерживаю;Рекомендовано к учёту
286;125;Иные участники;Поддерживаю;Рекомендовано к учёту
287;125;Иные участники;Поддерживаю;Рекомендовано к учёту
288;125;Иные участники;Поддерживаю;Рекомендовано к учёту
289;126;Иные участники;Поддерживаю;Рекомендовано к учёту
290;126;Иные участники;Поддерживаю;Рекомендовано к учёту
291;126;Иные участники;Поддерживаю;Рекомендовано к учёту
292;126;Иные участники;Поддерживаю;Рекомендовано к учёту
293;127;Иные участники;Поддерживаю с замечаниями;"Поддержка принята к сведению; замечания не рекомендованы"
294;128;Иные участники;Поддерживаю;Рекомендовано к учёту
295;128;Иные участники;Поддерживаю;Рекомендовано к учёту
296;128;Иные участники;Поддерживаю;Рекомендовано к учёту
297;129;Иные участники;Поддерживаю;Рекомендовано к учёту
298;129;Иные участники;Поддерживаю с замечаниями;"Поддержка принята к сведению; замечания не рекомендованы"
299;130;Иные участники;Поддерживаю;Рекомендовано к учёту
300;130;Иные участники;Поддерживаю;Рекомендовано к учёту
301;130;Иные участники;Поддерживаю;Рекомендовано к учёту
302;131;Иные участники;Поддерживаю;Рекомендовано к учёту
303;131;Иные участники;Поддерживаю;Рекомендовано к учёту
304;131;Иные участники;Не поддерживаю с замечаниями;Не рекомендовано к учёту
305;133;Иные участники;Поддерживаю;Рекомендовано к учёту
306;133;Иные участники;Поддерживаю;Рекомендовано к учёту
307;133;Иные участники;Поддерживаю;Рекомендовано к учёту
308;133;Иные участники;Поддерживаю;Рекомендовано к учёту
309;134;Иные участники;Поддерживаю;Рекомендовано к учёту
310;134;Иные участники;Поддерживаю;Рекомендовано к учёту
311;134;Иные участники;Поддерживаю;Рекомендовано к учёту
312;134;Иные участники;Поддерживаю с замечаниями;"Поддержка принята к сведению; замечания не рекомендованы"
313;136;Иные участники;Поддерживаю с замечаниями;"Поддержка принята к сведению; замечания не рекомендованы"
314;137;Иные участники;Поддерживаю с замечаниями;"Поддержка принята к сведению; замечания не рекомендованы"
315;138;Иные участники;Поддерживаю с замечаниями;"Поддержка принята к сведению; замечания не рекомендованы"
316;139;Иные участники;Поддерживаю;Рекомендовано к учёту
317;139;Иные участники;Поддерживаю;Рекомендовано к учёту
318;140;Иные участники;Поддерживаю;Рекомендовано к учёту
319;140;Иные участники;Поддерживаю;Рекомендовано к учёту
320;140;Иные участники;Поддерживаю с замечаниями;"Поддержка принята к сведению; замечания не рекомендованы"
321;141;Иные участники;Поддерживаю;Рекомендовано к учёту
322;142;Иные участники;Поддерживаю;Рекомендовано к учёту
323;142;Иные участники;Поддерживаю;Рекомендовано к учёту
324;142;Иные участники;Поддерживаю;Рекомендовано к учёту
325;142;Иные участники;Поддерживаю;Рекомендовано к учёту
326;143;Иные участники;Поддерживаю;Рекомендовано к учёту
327;143;Иные участники;Поддерживаю;Рекомендовано к учёту
328;143;Иные участники;Поддерживаю;Рекомендовано к учёту
329;143;Иные участники;Поддерживаю;Рекомендовано к учёту
330;144;Иные участники;Поддерживаю;Рекомендовано к учёту
331;144;Иные участники;Не поддерживаю с замечаниями;Не рекомендовано к учёту
332;145;Иные участники;Поддерживаю;Рекомендовано к учёту
333;145;Иные участники;Поддерживаю;Рекомендовано к учёту
334;145;Иные участники;Поддерживаю;Рекомендовано к учёту
335;145;Иные участники;Поддерживаю;Рекомендовано к учёту
336;146;Иные участники;Поддерживаю;Рекомендовано к учёту
337;146;Иные участники;Поддерживаю;Рекомендовано к учёту
338;146;Иные участники;Поддерживаю;Рекомендовано к учёту
339;147;Иные участники;Поддерживаю;Рекомендовано к учёту
340;147;Иные участники;Поддерживаю;Рекомендовано к учёту
341;147;Иные участники;Поддерживаю;Рекомендовано к учёту
342;147;Иные участники;Поддерживаю;Рекомендовано к учёту
343;148;Иные участники;Поддерживаю;Рекомендовано к учёту
